Variant,Substrate,pH,Activity_Mean,Activity_Std,Activities
3FCR-3M,1a,7.5,0.4846704101644721,0.007038300562928568,"[0.490034726660982, 0.4747270816513676, 0.4892494221810666]"
3FCR-3M-F168Y,1a,7.5,0.8155216353102874,0.03151380076429218,"[0.8593983423110308, 0.8003512501162421, 0.7868153135035894]"
3FCR-3M-L58M,1a,7.5,3.663923100082805,0.1295161014175872,"[3.846942853599306, 3.578694796112126, 3.5661316505369838]"
3FCR-3M-W59C,1a,7.5,8.023903107106817,0.12090510257705522,"[8.026330791461556, 7.874626286757123, 8.170752243101768]"
3FCR-3M-F168Y-W59C,1a,7.5,14.158697149053339,0.5688047766272355,"[14.725700067744564, 13.381040776226476, 14.36935060318898]"
3FCR-3M-L58M-F168Y,1a,7.5,4.969134031609305,0.1254525086977425,"[5.142265259973879, 4.84900234480054, 4.916134490053496]"
3FCR-3M-L59C-F168R,1a,7.5,0.5088138388243687,0.021468155387899774,"[0.4976777586970234, 0.489921434632335, 0.5388423231437479]"
3FCR-3M-L59C-F168Y,1a,7.5,0.5408387492877708,0.02232781597534359,"[0.5097903580856833, 0.5513834768283874, 0.5613424129492417]"
3FCR-3M-L59C-F168W,1a,7.5,0.49969565581964703,0.008460901768535607,"[0.4879955171502073, 0.5033753900553272, 0.5077160602534067]"
