Variant,Best_pH,Max_Activity,TA_Activity,LDH_Activity,GDH_Activity
3FCR-3M,8.515151515151516,0.5949200444772542,0.6760501090123869,0.4470416138923718,0.6967050616359042
3FCR-3M-F168Y,8.515151515151516,0.5942981147821639,0.6739320954202721,0.4470416138923718,0.6967050616359042
3FCR-3M-L58M,7.96969696969697,0.8445502711930417,0.7373422617545796,0.8416797690605163,0.9706451792244544
3FCR-3M-F168Y-W59C,7.696969696969697,0.9597532605780092,0.9128433365414907,0.9701445438422355,0.9982655718869066
