Variant,a,b,c,ph_opt,max_activity,ph_range_width,neutral_activity,total_activity,neutral_ratio
3FCR-3M,10.263654882359004,0.4229436770991944,0.3854551947769592,9.00271761069263,10.649110077135964,0.8458873541983888,0.3326212924982722,10.924703014581038,0.0304467125609115
3FCR-3M-F168Y,16.322820678343717,0.42128952880260906,0.6017807215922765,8.996230758373093,16.924601399935995,0.8425790576052181,0.5203651225663741,17.343396519518,0.03000364559391599
3FCR-3M-L58M,12.168198645910305,0.6626140638366982,0.19890846794201852,8.526458827434947,12.367107113852324,1.3252281276733964,2.7025038762701223,19.471734042069773,0.13879112514741682
3FCR-3M-F168Y-W59C,17.370946093026596,0.7126361122697488,1.957709485259252e-14,7.993609462558025,17.370946093026618,1.4252722245394975,9.660095167101044,30.41361536252249,0.31762403291930896
